instance_name,theta,gamma,objective_value,termination_condition,number_of_variables,number_of_constraints,mip_gap,solver_time_s,total_wall_time_s,best_bound,node_count,milling_loss_t,standover_t,total_distance_km,atr_revenue
50B_3F_robust_gamma_0d05_theta_0d052,0.05199999999999999,0.05,127832942.54500532,maxTimeLimit,390571,30471,0.014175530280776744,3600.157469034195,3614.84,129645042.29293284,,"(302271.8703961676,)","(0.17039616895453946,)","(4144.413277173137,)",232153749.59412426
50B_3F_robust_gamma_0d1_theta_0d052,0.05199999999999999,0.1,119590484.89779386,maxTimeLimit,390571,30471,0.027188218631376514,3600.076597929001,3613.5,122841937.14742741,,"(302271.6999999999,)","(0.0,)","(5202.409206971939,)",232153802.49600017
50B_3F_robust_gamma_0d15_theta_0d052,0.05199999999999999,0.15,113397868.54707366,maxTimeLimit,390571,30471,0.040718736266026186,3600.055629968643,3613.52,118015286.44957146,,"(302271.69999999984,)","(0.0,)","(5168.417331573873,)",232153802.49599996
50B_3F_robust_gamma_0d2_theta_0d052,0.05199999999999999,0.2,105610105.68057588,maxTimeLimit,390571,30471,0.052935187418659914,3600.0594980716705,3613.48,111200596.41808164,,"(302271.6999999998,)","(0.0,)","(5575.049965806805,)",232153802.49600002
50B_3F_robust_gamma_0d25_theta_0d052,0.05199999999999999,0.25,98498541.02544609,maxTimeLimit,390571,30471,0.08568663312310962,3600.051999092102,3613.49,106938549.37345505,,"(302271.69999999984,)","(0.0,)","(6186.385330967514,)",232153802.49600002
50B_3F_robust_gamma_0d3_theta_0d052,0.05199999999999999,0.3,91596585.79326835,maxTimeLimit,390571,30471,0.10541327578213058,3600.109831094742,3613.54,101252081.95219573,,"(302271.6999999999,)","(0.0,)","(5461.5296427073445,)",232153802.49599987
50B_3F_robust_gamma_0d35_theta_0d052,0.05199999999999999,0.35,87198563.68769199,maxTimeLimit,390571,30471,0.11529143475776704,3600.081736087799,3613.5,97251811.20406252,,"(302271.69999999995,)","(0.0,)","(3895.486757141434,)",232153802.49600005
50B_3F_robust_gamma_1d0_theta_0d052,0.05199999999999999,1.0,55985797.671484426,optimal,390571,30471,0.0006130201233059949,48.28515982627869,61.73,56020118.09207638,,"(302271.6999999999,)","(0.0,)","(1562.9035406241585,)",232153802.4960001
50B_6F_robust_gamma_0d05_theta_0d052,0.05199999999999999,0.05,129534975.47149734,optimal,780571,60351,0.0008691898939763234,3144.0286860466003,3171.99,129647565.96309364,,"(302271.7000000006,)","(0.0,)","(4573.004696250053,)",232153802.496
50B_6F_robust_gamma_0d1_theta_0d052,0.05199999999999999,0.1,122385739.04719794,optimal,780571,60351,0.0037262575513154475,1033.1041629314423,1060.41,122841779.83149588,,"(302271.69999999984,)","(0.0,)","(5071.544182855429,)",232153802.49600014
50B_6F_robust_gamma_0d15_theta_0d052,0.05199999999999999,0.15,117509292.40374947,optimal,780571,60351,0.004304370362593976,1869.5894930362701,1896.8,118015095.91930155,,"(302271.69999999984,)","(0.0,)","(5579.711088494103,)",232153802.49599987
50B_6F_robust_gamma_0d2_theta_0d052,0.05199999999999999,0.2,109411978.18735602,maxTimeLimit,780571,60351,0.01634479017361577,3600.0662219524384,3627.32,111200294.01330858,,"(302271.70000000385,)","(0.0,)","(6061.075274891063,)",232153802.49600026
50B_6F_robust_gamma_0d25_theta_0d052,0.05199999999999999,0.25,106570301.45414133,optimal,780571,60351,0.0034563127200909604,2450.643128156662,2477.85,106938641.74264121,,"(302271.6999999999,)","(0.0,)","(8156.711847872532,)",232153802.49599987
50B_6F_robust_gamma_0d3_theta_0d052,0.05199999999999999,0.3,96550947.09254523,maxTimeLimit,780571,60351,0.04868414305903066,3600.077483892441,3627.33,101251447.2132836,,"(302271.6999999998,)","(0.0,)","(6141.382893268632,)",232153802.49600002
50B_6F_robust_gamma_0d35_theta_0d052,0.05199999999999999,0.35,88081160.8585925,maxTimeLimit,780571,60351,0.10411001472619098,3600.0962851047516,3627.34,97251291.81268056,,"(302271.69999999984,)","(0.0,)","(5329.593210946075,)",232153802.49600008
50B_6F_robust_gamma_1d0_theta_0d052,0.05199999999999999,1.0,55996201.27181925,optimal,780571,60351,0.00048333340082226716,17.306912183761597,44.55,56023266.106213085,,"(302271.69999999984,)","(0.0,)","(1146.7595273033826,)",232153802.4960001
75B_3F_robust_gamma_0d05_theta_0d052,0.05199999999999999,0.05,321348327.4126824,maxTimeLimit,867096,45596,0.03119889911579205,3600.101963996887,3631.03,331374041.4606592,,"(0.0,)","(0.0,)","(5232.149520631461,)",344828639.23199993
75B_3F_robust_gamma_0d1_theta_0d052,0.05199999999999999,0.1,303397198.97130775,maxTimeLimit,867096,45596,0.0579983353586269,3600.0989379882812,3630.42,320993731.4641137,,"(0.0,)","(0.0,)","(6013.606792484041,)",344828639.2320003
75B_3F_robust_gamma_0d15_theta_0d052,0.05199999999999999,0.15,290702459.1881192,maxTimeLimit,867096,45596,0.0715352051371353,3600.1061968803406,3630.47,311497919.240011,,"(0.0,)","(0.0,)","(6374.19925404466,)",344828639.23200023
75B_3F_robust_gamma_0d2_theta_0d052,0.05199999999999999,0.2,273308697.6755536,maxTimeLimit,867096,45596,0.10887101668226737,3600.0926938056946,3630.34,303064093.4595976,,"(0.0,)","(0.0,)","(6492.6736370520775,)",344828639.23199993
75B_3F_robust_gamma_0d25_theta_0d052,0.05199999999999999,0.25,259944824.40449068,maxTimeLimit,867096,45596,0.13229733677258837,3600.093379020691,3630.54,294334832.38102293,,"(0.0,)","(0.0,)","(4766.398882315301,)",344828639.23199975
75B_3F_robust_gamma_0d3_theta_0d052,0.05199999999999999,0.3,251543185.73142436,maxTimeLimit,867096,45596,0.14035926546732302,3600.0897500514984,3630.39,286849602.5139975,,"(0.0,)","(0.0,)","(4798.224613358962,)",344828639.2320002
75B_3F_robust_gamma_0d35_theta_0d052,0.05199999999999999,0.35,245440553.9784383,maxTimeLimit,867096,45596,0.14042544479728514,3600.0913701057434,3630.36,279906652.94215256,,"(0.0,)","(0.0,)","(4884.7358229220445,)",344828639.23199993
75B_3F_robust_gamma_1d0_theta_0d052,0.05199999999999999,1.0,222769414.16891566,optimal,867096,45596,0.0003461863596058575,439.1147508621216,469.4,222846533.90143833,,"(0.0,)","(0.0,)","(3161.0460433746844,)",344828639.23199993
75B_6F_robust_gamma_0d05_theta_0d052,0.05199999999999999,0.05,329225486.6306599,maxTimeLimit,1733346,90326,0.006528098175895331,3600.1790421009064,3663.84,331374702.92939174,,"(0.0,)","(0.0,)","(7937.647359157875,)",344828639.2320001
75B_6F_robust_gamma_0d1_theta_0d052,0.05199999999999999,0.1,316481444.10706896,maxTimeLimit,1733346,90326,0.01425957025557232,3600.153783082962,3665.08,320994333.4938987,,"(0.0,)","(0.0,)","(7783.180060731963,)",344828639.2320002
75B_6F_robust_gamma_0d15_theta_0d052,0.05199999999999999,0.15,308692991.6706143,maxTimeLimit,1733346,90326,0.009087437007650972,3600.3109571933746,3665.36,311498219.78712434,,"(0.0,)","(0.0,)","(7526.837266246817,)",344828639.2319998
75B_6F_robust_gamma_0d2_theta_0d052,0.05199999999999999,0.2,299802255.79290146,maxTimeLimit,1733346,90326,0.010881911887364175,3600.162521123886,3665.2,303064677.5240728,,"(0.0,)","(0.0,)","(7641.702657806471,)",344828639.23200005
75B_6F_robust_gamma_0d25_theta_0d052,0.05199999999999999,0.25,287943831.8612578,maxTimeLimit,1733346,90326,0.022199437091594602,3600.217047929764,3665.16,294336022.8425745,,"(0.0,)","(0.0,)","(7879.374493474951,)",344828639.2320001
75B_6F_robust_gamma_0d3_theta_0d052,0.05199999999999999,0.3,282106187.93480355,maxTimeLimit,1733346,90326,0.016816668189037876,3600.2074007987976,3665.16,286850274.0913775,,"(0.0,)","(0.0,)","(8038.6394078560825,)",344828639.23200005
75B_6F_robust_gamma_0d35_theta_0d052,0.05199999999999999,0.35,262461051.4149669,maxTimeLimit,1733346,90326,0.06647100400115122,3600.2485671043396,3665.1,279907101.01371753,,"(0.0,)","(0.0,)","(6230.720138397814,)",344828639.2319998
75B_6F_robust_gamma_1d0_theta_0d052,0.05199999999999999,1.0,222776358.61419845,optimal,1733346,90326,0.0003155121507584288,418.6145429611206,483.47,222846647.26224294,,"(0.0,)","(0.0,)","(2883.268232070375,)",344828639.2320001
100B_3F_robust_gamma_0d05_theta_0d052,0.05199999999999999,0.05,365258747.69217634,maxTimeLimit,1531121,60721,0.06702991427038853,3600.097604036331,3656.18,389742010.2364924,,"(0.0,)","(135004.58999999988,)","(4961.510244032533,)",423797768.63424027
100B_3F_robust_gamma_0d1_theta_0d052,0.05199999999999999,0.1,334872360.88138515,maxTimeLimit,1531121,60721,0.13272042275931004,3600.130158185959,3655.46,379316762.1879708,,"(0.0,)","(135004.5899999998,)","(5808.589988519116,)",423797768.6342402
100B_3F_robust_gamma_0d15_theta_0d052,0.05199999999999999,0.15,305053200.04001063,maxTimeLimit,1531121,60721,0.20708911154626156,3600.1189498901367,3655.54,368226396.21064043,,"(0.0,)","(135004.58999999994,)","(5173.53899008903,)",423797768.63424
100B_3F_robust_gamma_0d2_theta_0d052,0.05199999999999999,0.2,292604859.32576215,maxTimeLimit,1531121,60721,0.22606959951600197,3600.1561150550842,3655.58,358753922.6899733,,"(0.0,)","(135004.5899999944,)","(5199.66826152333,)",423797768.63424116
100B_3F_robust_gamma_0d25_theta_0d052,0.05199999999999999,0.25,281293918.85082096,maxTimeLimit,1531121,60721,0.24389691619577497,3600.119666814804,3655.45,349900638.20316076,,"(0.0,)","(135004.58999999997,)","(4623.9789964296215,)",423797768.6342399
100B_3F_robust_gamma_0d3_theta_0d052,0.05199999999999999,0.3,274450200.1730297,maxTimeLimit,1531121,60721,0.23697842657007137,3600.0986909866333,3655.54,339488976.78187543,,"(0.0,)","(135004.5899999996,)","(4129.006360844372,)",423797768.63424015
100B_3F_robust_gamma_0d35_theta_0d052,0.05199999999999999,0.35,268025987.0027562,maxTimeLimit,1531121,60721,0.23364864614479983,3600.1317839622498,3655.54,330649895.9975739,,"(0.0,)","(135004.58999999982,)","(4418.268646156933,)",423797768.6342402
100B_3F_robust_gamma_1d0_theta_0d052,0.05199999999999999,1.0,251119256.3773523,optimal,1531121,60721,0.0003238495227681742,262.6702060699463,317.69,251200581.228688,,"(0.0,)","(135004.59,)","(3315.3682019188186,)",423797768.63424
100B_6F_robust_gamma_0d05_theta_0d052,0.05199999999999999,0.05,383646733.95546144,maxTimeLimit,3061121,120301,0.015890649545794926,3600.256222963333,3715.1,389743129.7541365,,"(0.0,)","(135004.5899999998,)","(8440.02313761801,)",423797768.6342393
100B_6F_robust_gamma_0d1_theta_0d052,0.05199999999999999,0.1,363805436.4176809,maxTimeLimit,3061121,120301,0.04264017695556858,3600.215651988983,3717.93,379318164.6039287,,"(0.0,)","(135004.58999986682,)","(7541.281796989405,)",423797768.6342772
100B_6F_robust_gamma_0d15_theta_0d052,0.05199999999999999,0.15,345813758.9152377,maxTimeLimit,3061121,120301,0.06481526180019034,3600.147931098938,3717.79,368227768.23343676,,"(0.0,)","(135004.58999999973,)","(7799.957459980772,)",423797768.63424027
100B_6F_robust_gamma_0d2_theta_0d052,0.05199999999999999,0.2,337326639.01315683,maxTimeLimit,3061121,120301,0.06352505358410421,3600.2182948589325,3717.72,358755331.8318134,,"(0.0,)","(135004.5899999923,)","(8969.702619839656,)",423797768.63423985
100B_6F_robust_gamma_0d25_theta_0d052,0.05199999999999999,0.25,319261894.6820889,maxTimeLimit,3061121,120301,0.09597168286456975,3600.165223836899,3717.56,349901995.98926,,"(0.0,)","(135004.58999999997,)","(8215.34177343985,)",423797768.63424003
100B_6F_robust_gamma_0d3_theta_0d052,0.05199999999999999,0.3,296881819.0155143,maxTimeLimit,3061121,120301,0.14351958094759149,3600.2341380119324,3717.59,339490173.2715796,,"(0.0,)","(135004.58999999985,)","(6121.976854829096,)",423797768.63424
100B_6F_robust_gamma_0d35_theta_0d052,0.05199999999999999,0.35,285118291.7174845,maxTimeLimit,3061121,120301,0.15969618904443122,3600.331510066986,3720.63,330650596.33162516,,"(0.0,)","(135004.58999999883,)","(6951.233558106444,)",423797768.6342398
100B_6F_robust_gamma_1d0_theta_0d052,0.05199999999999999,1.0,251118557.46953836,optimal,3061121,120301,0.0003244171203881107,882.9108839035034,1000.28,251200024.62882864,,"(0.0,)","(135004.59000000116,)","(3343.3245145170076,)",423797768.63424
50B_3F_deterministic,0,0,138108494.4880756,optimal,390060,29970,0.00024362507620714584,56.108641147613525,68.87,138142141.18057013,,"(302271.6999999999,)","(0.0,)","(1552.372316978165,)",232153802.49600017
50B_6F_deterministic,0,0,138096599.38178033,optimal,780060,59850,0.00035555010516015624,16.452980041503906,42.5,138145699.64221278,,"(302271.69999999984,)","(0.0,)","(2028.1765687898014,)",232153802.49600008
75B_3F_deterministic,0,0,344736131.9542473,optimal,866335,44845,0.0002641248221809899,7.145934104919434,35.95,344827185.3237991,,"(0.0,)","(0.0,)","(3700.291110109597,)",344828639.23199993
75B_6F_deterministic,0,0,344782977.5206706,optimal,1732585,89575,0.000127206467314026,433.0090010166168,491.86,344826836.145231,,"(0.0,)","(0.0,)","(1826.4684531773914,)",344828639.2320002
100B_3F_deterministic,0,0,400316257.02088004,optimal,1530110,59720,0.0019954684282800133,503.76066184043884,554.04,401115075.47309244,,"(0.0,)","(136529.0672947638,)","(2853.319559926616,)",423324473.31539834
100B_6F_deterministic,0,0,399376305.17158777,optimal,3060110,119300,0.0043537800201929105,227.67658877372742,332.62,401115101.7495823,,"(0.0,)","(138435.0,)","(3974.586096491932,)",422732749.8240001
